id,name,foodCode,foodGroup,createdAt,updatedAt
1,Rice,R,SUPERGROUP,2026-06-22 12:12:58.775,2026-06-22 12:12:58.775
2,Swallow,S,SUPERGROUP,2026-06-22 12:12:58.775,2026-06-22 12:12:58.775
3,Tuber,T,SUPERGROUP,2026-06-22 12:12:58.775,2026-06-22 12:12:58.775
4,Continental,X,SUPERGROUP,2026-06-22 12:12:58.775,2026-06-22 12:12:58.775
5,Noodles,N,SUPERGROUP,2026-06-22 12:12:58.775,2026-06-22 12:12:58.775
6,Waakye,W,SUPERGROUP,2026-06-22 12:12:58.775,2026-06-22 12:12:58.775
7,Jollof,JO,BASE,2026-06-22 12:12:58.775,2026-06-22 12:12:58.775
8,Jollof Check-Check,JC,BASE,2026-06-22 12:12:58.775,2026-06-22 12:12:58.775
9,Assorted Jollof,JA,BASE,2026-06-22 12:12:58.775,2026-06-22 12:12:58.775
10,Fried Rice,FR,BASE,2026-06-22 12:12:58.775,2026-06-22 12:12:58.775
11,Fried Rice Check-Check,FC,BASE,2026-06-22 12:12:58.775,2026-06-22 12:12:58.775
12,Assorted Fried Rice,FA,BASE,2026-06-22 12:12:58.775,2026-06-22 12:12:58.775
13,Plain Rice,PR,BASE,2026-06-22 12:12:58.775,2026-06-22 12:12:58.775
14,Angwamo,AN,BASE,2026-06-22 12:12:58.775,2026-06-22 12:12:58.775
15,Vermicelli,VE,BASE,2026-06-22 12:12:58.775,2026-06-22 12:12:58.775
16,Fufu,FU,BASE,2026-06-22 12:12:58.775,2026-06-22 12:12:58.775
17,Banku,BK,BASE,2026-06-22 12:12:58.775,2026-06-22 12:12:58.775
18,Kenkey,KK,BASE,2026-06-22 12:12:58.775,2026-06-22 12:12:58.775
19,Konkonte,KO,BASE,2026-06-22 12:12:58.775,2026-06-22 12:12:58.775
20,Eba,EB,BASE,2026-06-22 12:12:58.775,2026-06-22 12:12:58.775
21,Omotuo,OT,BASE,2026-06-22 12:12:58.775,2026-06-22 12:12:58.775
22,TZ,TZ,BASE,2026-06-22 12:12:58.775,2026-06-22 12:12:58.775
23,Acheke,AC,BASE,2026-06-22 12:12:58.775,2026-06-22 12:12:58.775
24,Yam,YM,BASE,2026-06-22 12:12:58.775,2026-06-22 12:12:58.775
25,Yam Chops,YQ,BASE,2026-06-22 12:12:58.775,2026-06-22 12:12:58.775
26,Yam Chips,YC,BASE,2026-06-22 12:12:58.775,2026-06-22 12:12:58.775
27,Apem/Plantain,AP,BASE,2026-06-22 12:12:58.775,2026-06-22 12:12:58.775
28,Chicken Wrap,CW,BASE,2026-06-22 12:12:58.775,2026-06-22 12:12:58.775
29,Chicken Burger,CB,BASE,2026-06-22 12:12:58.775,2026-06-22 12:12:58.775
30,Beef Burger,BB,BASE,2026-06-22 12:12:58.775,2026-06-22 12:12:58.775
31,Noodles,ND,BASE,2026-06-22 12:12:58.775,2026-06-22 12:12:58.775
32,Salad,SL,BASE,2026-06-22 12:12:58.775,2026-06-22 12:12:58.775
33,No Protein,OO,PROTEIN,2026-06-22 12:12:58.775,2026-06-22 12:12:58.775
34,Chicken,CH,PROTEIN,2026-06-22 12:12:58.775,2026-06-22 12:12:58.775
35,Chicken Wings,CW,PROTEIN,2026-06-22 12:12:58.775,2026-06-22 12:12:58.775
36,Pork,PK,PROTEIN,2026-06-22 12:12:58.775,2026-06-22 12:12:58.775
37,Beef,BF,PROTEIN,2026-06-22 12:12:58.775,2026-06-22 12:12:58.775
38,Goat,GT,PROTEIN,2026-06-22 12:12:58.775,2026-06-22 12:12:58.775
39,Fish,FS,PROTEIN,2026-06-22 12:12:58.775,2026-06-22 12:12:58.775
40,Gizzard,GZ,PROTEIN,2026-06-22 12:12:58.775,2026-06-22 12:12:58.775
41,Cow Leg,CL,PROTEIN,2026-06-22 12:12:58.775,2026-06-22 12:12:58.775
42,Turkey,TU,PROTEIN,2026-06-22 12:12:58.775,2026-06-22 12:12:58.775
43,Egg,EG,PROTEIN,2026-06-22 12:12:58.775,2026-06-22 12:12:58.775
44,Sausage,SS,PROTEIN,2026-06-22 12:12:58.775,2026-06-22 12:12:58.775
45,Tuna,TN,PROTEIN,2026-06-22 12:12:58.775,2026-06-22 12:12:58.775
46,Sardine,SD,PROTEIN,2026-06-22 12:12:58.775,2026-06-22 12:12:58.775
47,Grilled,G,PREP,2026-06-22 12:12:58.775,2026-06-22 12:12:58.775
48,Fried,F,PREP,2026-06-22 12:12:58.775,2026-06-22 12:12:58.775
49,Stew,S,PREP,2026-06-22 12:12:58.775,2026-06-22 12:12:58.775
50,Light Soup,L,PREP,2026-06-22 12:12:58.775,2026-06-22 12:12:58.775
51,Groundnut Soup,GS,PREP,2026-06-22 12:12:58.775,2026-06-22 12:12:58.775
52,Palava Sauce,PS,PREP,2026-06-22 12:12:58.775,2026-06-22 12:12:58.775
53,Okro Soup,OS,PREP,2026-06-22 12:12:58.775,2026-06-22 12:12:58.775
54,Vegetable Stew,VS,PREP,2026-06-22 12:12:58.775,2026-06-22 12:12:58.775
55,Egg Stew,ES,PREP,2026-06-22 12:12:58.775,2026-06-22 12:12:58.775
56,Garden Egg Stew,GES,PREP,2026-06-22 12:12:58.775,2026-06-22 12:12:58.775
57,Fante Fante,FF,PREP,2026-06-22 12:12:58.775,2026-06-22 12:12:58.775
58,Palmnut Soup,PNS,PREP,2026-06-22 12:12:58.775,2026-06-22 12:12:58.775
59,Ayoyo Soup,AY,PREP,2026-08-28 02:14:58.054,2026-08-28 02:14:58.054
60,Gravy,GR,PREP,2026-08-28 02:14:58.054,2026-08-28 02:14:58.054
62,Creamy Vegetables,CV,PREP,2026-08-28 02:14:58.054,2026-08-28 02:14:58.054
63,Zongo Rice,ZR,BASE,2026-08-28 02:14:58.054,2026-08-28 02:14:58.054
64,Efie Jollof,EJ,BASE,2026-08-28 02:14:58.054,2026-08-28 02:14:58.054
65,Vegetable Rice,VR,BASE,2026-08-28 02:14:58.054,2026-08-28 02:14:58.054
66,Tilapia,TI,PROTEIN,2026-08-28 02:41:20.261,2026-08-28 02:41:20.261
67,Fries,FRI,BASE,2026-08-28 02:41:20.261,2026-08-28 02:41:20.261
68,Korkor,KOK,BASE,2026-08-28 02:41:20.261,2026-08-28 02:41:20.261